customer_id,avg_spend_30d,usual_merchants,known_devices,home_city,usual_lat,usual_lon,account_balance,txn_count,fraud_count,risk_tier
AC00001,1278.71,"[""M004"", ""M024"", ""M098""]","[""D000672""]",Boston,39.5,-98.35,1971.92,15,0,medium
AC00002,312.36,"[""M098"", ""M050"", ""M083""]","[""D000303""]",Indianapolis,39.7684,-86.1581,7857.71,27,0,low
AC00007,1310.53,"[""M022"", ""M011"", ""M094""]","[""D000609""]",Memphis,35.1495,-90.049,14088.78,11,0,low
AC00012,1803.55,"[""M011"", ""M069"", ""M042""]","[""D000190""]",Mesa,33.4152,-111.8315,3449.41,18,0,medium
AC00014,821.29,"[""M093"", ""M081"", ""M020""]","[""D000108""]",San Antonio,29.4241,-98.4936,6318.42,13,0,low
AC00016,346.3,"[""M075"", ""M080"", ""M093""]","[""D000525""]",Philadelphia,39.9526,-75.1652,12520.29,29,0,low
AC00018,748.55,"[""M082"", ""M087"", ""M044""]","[""D000259""]",Baltimore,39.2904,-76.6122,1391.81,10,0,medium
AC00020,432.0,"[""M027"", ""M065"", ""M083""]","[""D000562""]",San Antonio,29.4241,-98.4936,12090.68,27,0,low
AC00021,205.18,"[""M046"", ""M091"", ""M075""]","[""D000174""]",Oklahoma City,35.4676,-97.5164,4557.19,29,0,medium
AC00024,1714.23,"[""M060"", ""M097"", ""M020""]","[""D000297""]",Fort Worth,32.7555,-97.3308,3079.55,21,0,medium
AC00025,1660.04,"[""M047"", ""M041"", ""M044""]","[""D000268""]",Charlotte,35.2271,-80.8431,2922.11,13,0,medium
AC00026,1950.62,"[""M021"", ""M036"", ""M077""]","[""D000348""]",Albuquerque,35.0844,-106.6504,13773.69,18,0,low
AC00027,469.48,"[""M075"", ""M009"", ""M044""]","[""D000430""]",Chicago,41.8781,-87.6298,10840.68,14,0,low
AC00029,1195.62,"[""M057"", ""M066"", ""M002""]","[""D000480""]",Nashville,36.1627,-86.7816,9919.31,22,0,low
AC00030,1794.43,"[""M054"", ""M074"", ""M070""]","[""D000205""]",Miami,39.5,-98.35,6791.91,24,0,low
AC00031,3518.15,"[""M027"", ""M014"", ""M064""]","[""D000254""]",Portland,45.5051,-122.675,14161.62,30,0,low
AC00032,549.18,"[""M002"", ""M071"", ""M060""]","[""D000087""]",Chicago,41.8781,-87.6298,13635.53,13,0,low
AC00033,1503.53,"[""M069"", ""M047"", ""M058""]","[""D000205""]",San Antonio,29.4241,-98.4936,14075.69,23,0,low
AC00034,420.81,"[""M035"", ""M082"", ""M075""]","[""D000191""]",Houston,29.7604,-95.3698,4579.63,27,0,medium
AC00036,2117.12,"[""M011"", ""M067"", ""M085""]","[""D000156""]",Sacramento,38.5816,-121.4944,13155.68,20,0,low
AC00038,404.48,"[""M012"", ""M034"", ""M073""]","[""D000338""]",Portland,45.5051,-122.675,11931.79,14,0,low
AC00039,2002.64,"[""M100"", ""M026"", ""M062""]","[""D000093""]",San Jose,37.3382,-121.8863,12662.64,17,0,low
AC00040,901.8,"[""M010"", ""M002"", ""M012""]","[""D000213""]",San Antonio,29.4241,-98.4936,12412.82,13,0,low
AC00042,3057.7,"[""M077"", ""M041"", ""M050""]","[""D000129""]",Mesa,33.4152,-111.8315,11959.52,30,0,low
AC00043,2032.67,"[""M007"", ""M049"", ""M092""]","[""D000298""]",Dallas,32.7767,-96.797,6556.46,10,0,low
AC00045,410.26,"[""M037"", ""M020"", ""M073""]","[""D000445""]",Columbus,39.9612,-82.9988,3560.11,13,0,medium
AC00047,1317.99,"[""M036"", ""M035"", ""M019""]","[""D000569""]",Raleigh,35.7796,-78.6382,2038.59,16,0,medium
AC00048,259.81,"[""M068"", ""M038"", ""M063""]","[""D000214""]",Charlotte,35.2271,-80.8431,14832.27,24,0,low
AC00049,619.71,"[""M030"", ""M010"", ""M062""]","[""D000266""]",Philadelphia,39.9526,-75.1652,14369.47,30,0,low
AC00050,3368.11,"[""M024"", ""M046"", ""M042""]","[""D000312""]",Virginia Beach,36.8529,-75.978,680.8,28,0,high
AC00053,3010.59,"[""M075"", ""M085"", ""M097""]","[""D000017""]",San Diego,32.7157,-117.1611,10812.2,21,0,low
AC00054,780.09,"[""M066"", ""M012"", ""M030""]","[""D000595""]",Memphis,35.1495,-90.049,4900.68,29,0,medium
AC00060,220.6,"[""M048"", ""M018"", ""M071""]","[""D000209""]",Milwaukee,43.0389,-87.9065,2770.22,22,0,medium
AC00061,360.31,"[""M074"", ""M071"", ""M089""]","[""D000332""]",San Antonio,29.4241,-98.4936,13294.63,26,0,low
AC00064,1360.52,"[""M068"", ""M048"", ""M070""]","[""D000218""]",Boston,39.5,-98.35,13506.88,13,0,low
AC00067,394.41,"[""M053"", ""M080"", ""M069""]","[""D000636""]",Charlotte,35.2271,-80.8431,12920.52,14,0,low
AC00068,714.82,"[""M064"", ""M085"", ""M041""]","[""D000180""]",Oklahoma City,35.4676,-97.5164,4290.69,23,0,medium
AC00069,1647.18,"[""M052"", ""M098"", ""M020""]","[""D000109""]",Oklahoma City,35.4676,-97.5164,8415.64,14,0,low
AC00071,303.28,"[""M009"", ""M066"", ""M027""]","[""D000227""]",Denver,39.7392,-104.9903,9351.45,28,0,low
AC00073,1092.46,"[""M073"", ""M070"", ""M033""]","[""D000054""]",Indianapolis,39.7684,-86.1581,10348.91,19,0,low
AC00074,1455.98,"[""M031"", ""M045"", ""M058""]","[""D000682""]",Charlotte,35.2271,-80.8431,10222.88,15,0,low
AC00078,382.22,"[""M031"", ""M010"", ""M097""]","[""D000126""]",Philadelphia,39.9526,-75.1652,14899.99,30,0,low
AC00082,336.3,"[""M022"", ""M052"", ""M033""]","[""D000110""]",Miami,39.5,-98.35,2123.56,21,0,medium
AC00085,856.59,"[""M076"", ""M050"", ""M088""]","[""D000237""]",El Paso,31.7619,-106.485,11526.83,15,0,low
AC00086,1008.89,"[""M072"", ""M088"", ""M074""]","[""D000485""]",Detroit,39.5,-98.35,2362.61,16,0,medium
AC00087,1181.21,"[""M037"", ""M035"", ""M034""]","[""D000425""]",Memphis,35.1495,-90.049,11616.61,24,0,low
AC00088,1473.22,"[""M045"", ""M029"", ""M067""]","[""D000274""]",Fresno,36.7378,-119.7871,14751.92,19,0,low
AC00091,205.17,"[""M083"", ""M007"", ""M015""]","[""D000628""]",Fresno,36.7378,-119.7871,537.92,28,0,high
AC00093,1675.53,"[""M058"", ""M059"", ""M053""]","[""D000643""]",Portland,45.5051,-122.675,12277.17,27,0,low
AC00095,209.02,"[""M053"", ""M057"", ""M039""]","[""D000034""]",Dallas,32.7767,-96.797,9518.55,28,0,low
AC00097,221.49,"[""M085"", ""M018"", ""M078""]","[""D000241""]",Indianapolis,39.7684,-86.1581,9924.02,11,0,low
AC00101,1629.37,"[""M069"", ""M088"", ""M025""]","[""D000013""]",Austin,30.2672,-97.7431,6829.66,19,0,low
AC00102,317.53,"[""M082"", ""M098"", ""M041""]","[""D000023""]",Omaha,41.2565,-95.9345,11204.49,19,0,low
AC00103,4190.55,"[""M081"", ""M070"", ""M046""]","[""D000588""]",New York,40.7128,-74.006,6606.74,26,0,low
AC00106,1143.65,"[""M059"", ""M098"", ""M057""]","[""D000698""]",Phoenix,33.4484,-112.074,11044.15,16,0,low
AC00108,1857.26,"[""M076"", ""M062"", ""M011""]","[""D000682""]",Tucson,32.2226,-110.9747,12675.81,17,0,low
AC00110,553.67,"[""M080"", ""M015"", ""M041""]","[""D000477""]",San Francisco,37.7749,-122.4194,9140.12,17,0,low
AC00112,106.57,"[""M063"", ""M065"", ""M074""]","[""D000176""]",Raleigh,35.7796,-78.6382,7612.39,11,0,low
AC00113,961.78,"[""M092"", ""M009"", ""M086""]","[""D000402""]",Fresno,36.7378,-119.7871,2374.84,17,0,medium
AC00114,543.15,"[""M069"", ""M073"", ""M046""]","[""D000113""]",Houston,29.7604,-95.3698,3126.62,30,0,medium
AC00115,1362.33,"[""M066"", ""M016"", ""M091""]","[""D000147""]",Mesa,33.4152,-111.8315,14529.4,18,0,low
AC00117,287.06,"[""M049"", ""M017"", ""M045""]","[""D000662""]",New York,40.7128,-74.006,4895.54,28,0,medium
AC00119,348.49,"[""M046"", ""M085"", ""M023""]","[""D000453""]",Charlotte,35.2271,-80.8431,11282.12,20,0,low
AC00120,931.8,"[""M024"", ""M059"", ""M066""]","[""D000682""]",Dallas,32.7767,-96.797,4331.48,19,0,medium
AC00124,331.14,"[""M016"", ""M005"", ""M093""]","[""D000177""]",Dallas,32.7767,-96.797,11015.3,10,0,low
AC00125,1620.52,"[""M034"", ""M041"", ""M012""]","[""D000424""]",Miami,39.5,-98.35,4418.48,23,0,medium
AC00127,2107.62,"[""M093"", ""M060"", ""M029""]","[""D000188""]",Philadelphia,39.9526,-75.1652,6296.31,27,0,low
AC00128,1266.52,"[""M001"", ""M034"", ""M022""]","[""D000461""]",Louisville,38.2527,-85.7585,3289.9,26,0,medium
AC00132,3688.65,"[""M043"", ""M014"", ""M050""]","[""D000447""]",Atlanta,33.749,-84.388,5528.33,30,0,low
AC00137,776.7,"[""M034"", ""M080"", ""M024""]","[""D000585""]",Fresno,36.7378,-119.7871,6177.66,13,0,low
AC00138,229.65,"[""M059"", ""M021"", ""M088""]","[""D000450""]",Charlotte,35.2271,-80.8431,4335.17,24,0,medium
AC00139,1673.21,"[""M072"", ""M018"", ""M067""]","[""D000472""]",Nashville,36.1627,-86.7816,3906.53,10,0,medium
AC00143,214.37,"[""M091"", ""M054"", ""M030""]","[""D000629""]",Boston,39.5,-98.35,14735.06,26,0,low
AC00144,307.75,"[""M098"", ""M072"", ""M079""]","[""D000281""]",New York,40.7128,-74.006,13715.34,16,0,low
AC00145,506.28,"[""M077"", ""M005"", ""M060""]","[""D000605""]",Boston,39.5,-98.35,14341.26,12,0,low
AC00146,417.04,"[""M002"", ""M016"", ""M096""]","[""D000525""]",Mesa,33.4152,-111.8315,4269.25,15,0,medium
AC00148,201.49,"[""M087"", ""M044"", ""M059""]","[""D000102""]",Colorado Springs,38.8339,-104.8214,14181.34,12,0,low
AC00149,539.56,"[""M055"", ""M097"", ""M032""]","[""D000236""]",Fort Worth,32.7555,-97.3308,13287.96,11,0,low
AC00151,2370.97,"[""M036"", ""M100"", ""M058""]","[""D000520""]",Virginia Beach,36.8529,-75.978,3032.27,22,0,medium
AC00154,155.77,"[""M082"", ""M095"", ""M085""]","[""D000166""]",Virginia Beach,36.8529,-75.978,13636.42,11,0,low
AC00157,227.12,"[""M001"", ""M094"", ""M086""]","[""D000032""]",Atlanta,33.749,-84.388,9831.4,30,0,low
AC00158,366.05,"[""M032"", ""M100"", ""M081""]","[""D000092""]",Indianapolis,39.7684,-86.1581,1104.17,15,0,medium
AC00159,158.02,"[""M027"", ""M030"", ""M004""]","[""D000105""]",Austin,30.2672,-97.7431,12376.99,20,0,low
AC00161,1197.77,"[""M088"", ""M093"", ""M011""]","[""D000273""]",Houston,29.7604,-95.3698,3252.81,22,0,medium
AC00163,276.37,"[""M023"", ""M099"", ""M053""]","[""D000336""]",Virginia Beach,36.8529,-75.978,7602.68,30,0,low
AC00166,683.91,"[""M099"", ""M074"", ""M018""]","[""D000073""]",Atlanta,33.749,-84.388,2653.98,26,0,medium
AC00168,1027.83,"[""M072"", ""M079"", ""M034""]","[""D000005""]",Baltimore,39.2904,-76.6122,7626.52,28,0,low
AC00174,1625.76,"[""M044"", ""M017"", ""M016""]","[""D000356""]",San Francisco,37.7749,-122.4194,14186.11,15,0,low
AC00175,1511.35,"[""M100"", ""M066"", ""M019""]","[""D000045""]",Seattle,47.6062,-122.3321,10498.87,28,0,low
AC00176,313.01,"[""M088"", ""M097"", ""M001""]","[""D000469""]",Virginia Beach,36.8529,-75.978,1073.42,24,0,medium
AC00177,782.08,"[""M050"", ""M041"", ""M040""]","[""D000345""]",Los Angeles,34.0522,-118.2437,5588.06,11,0,low
AC00178,3556.86,"[""M023"", ""M067"", ""M082""]","[""D000040""]",Indianapolis,39.7684,-86.1581,13752.35,25,0,low
AC00180,154.09,"[""M020"", ""M093"", ""M088""]","[""D000650""]",San Jose,37.3382,-121.8863,3891.06,18,0,medium
AC00182,846.56,"[""M010"", ""M049"", ""M084""]","[""D000420""]",Jacksonville,30.3322,-81.6557,6558.76,10,0,low
AC00184,2560.27,"[""M098"", ""M033"", ""M059""]","[""D000464""]",Mesa,33.4152,-111.8315,10486.57,27,0,low
AC00186,2258.49,"[""M010"", ""M039"", ""M061""]","[""D000267""]",Virginia Beach,36.8529,-75.978,4862.13,23,0,medium
AC00188,228.2,"[""M081"", ""M024"", ""M009""]","[""D000374""]",Memphis,35.1495,-90.049,3789.26,24,0,medium
AC00190,377.48,"[""M084"", ""M072"", ""M087""]","[""D000511""]",Fresno,36.7378,-119.7871,9729.71,28,0,low
AC00191,303.47,"[""M060"", ""M017"", ""M005""]","[""D000295""]",Philadelphia,39.9526,-75.1652,9820.06,28,0,low
AC00195,718.45,"[""M043"", ""M075"", ""M036""]","[""D000404""]",Tucson,32.2226,-110.9747,14862.22,19,0,low
AC00198,2450.09,"[""M066"", ""M041"", ""M049""]","[""D000611""]",Tucson,32.2226,-110.9747,1043.09,21,0,medium
AC00200,1310.97,"[""M099"", ""M051"", ""M034""]","[""D000174""]",Los Angeles,34.0522,-118.2437,11714.81,24,0,low
AC00201,1159.48,"[""M056"", ""M055"", ""M031""]","[""D000121""]",Los Angeles,34.0522,-118.2437,8475.75,11,0,low
AC00203,790.55,"[""M020"", ""M063"", ""M022""]","[""D000105""]",Dallas,32.7767,-96.797,7440.02,13,0,low
AC00204,469.53,"[""M007"", ""M031"", ""M009""]","[""D000091""]",Tucson,32.2226,-110.9747,12915.32,15,0,low
AC00205,188.66,"[""M036"", ""M083"", ""M047""]","[""D000169""]",Chicago,41.8781,-87.6298,2688.92,26,0,medium
AC00206,209.91,"[""M031"", ""M012"", ""M082""]","[""D000082""]",Portland,45.5051,-122.675,13475.58,15,0,low
AC00213,621.93,"[""M100"", ""M028"", ""M047""]","[""D000386""]",Los Angeles,34.0522,-118.2437,4332.94,14,0,medium
AC00215,3716.64,"[""M028"", ""M094"", ""M016""]","[""D000679""]",Omaha,41.2565,-95.9345,7993.03,27,0,low
AC00216,624.87,"[""M099"", ""M035"", ""M058""]","[""D000538""]",Virginia Beach,36.8529,-75.978,10134.23,10,0,low
AC00218,1603.2,"[""M031"", ""M093"", ""M092""]","[""D000518""]",Seattle,47.6062,-122.3321,10544.6,10,0,low
AC00219,220.82,"[""M044"", ""M056"", ""M058""]","[""D000282""]",New York,40.7128,-74.006,1248.45,20,0,medium
AC00220,2447.68,"[""M055"", ""M005"", ""M029""]","[""D000329""]",Mesa,33.4152,-111.8315,12844.97,25,0,low
AC00221,334.09,"[""M085"", ""M054"", ""M044""]","[""D000468""]",Jacksonville,30.3322,-81.6557,14482.75,19,0,low
AC00222,633.09,"[""M051"", ""M002"", ""M021""]","[""D000165""]",Fort Worth,32.7555,-97.3308,1965.76,26,0,medium
AC00223,975.37,"[""M008"", ""M083"", ""M012""]","[""D000334""]",San Francisco,37.7749,-122.4194,12595.83,21,0,low
AC00224,1772.94,"[""M046"", ""M075"", ""M057""]","[""D000244""]",Virginia Beach,36.8529,-75.978,4871.86,17,0,medium
AC00228,596.17,"[""M006"", ""M019"", ""M076""]","[""D000598""]",Virginia Beach,36.8529,-75.978,9802.31,30,0,low
AC00229,126.75,"[""M046"", ""M083"", ""M015""]","[""D000239""]",Kansas City,39.0997,-94.5786,9207.15,20,0,low
AC00230,1392.42,"[""M013"", ""M072"", ""M063""]","[""D000661""]",Austin,30.2672,-97.7431,9583.85,27,0,low
AC00231,767.57,"[""M049"", ""M018"", ""M007""]","[""D000646""]",Miami,39.5,-98.35,2339.77,30,0,medium
AC00233,466.76,"[""M070"", ""M038"", ""M047""]","[""D000131""]",San Antonio,29.4241,-98.4936,5483.11,17,0,low
AC00234,588.6,"[""M024"", ""M035"", ""M090""]","[""D000525""]",Charlotte,35.2271,-80.8431,2819.09,30,0,medium
AC00237,1266.58,"[""M067"", ""M005"", ""M063""]","[""D000104""]",Nashville,36.1627,-86.7816,2741.01,10,0,medium
AC00239,1242.27,"[""M069"", ""M049"", ""M098""]","[""D000647""]",Atlanta,33.749,-84.388,14140.14,15,0,low
AC00243,538.64,"[""M076"", ""M021"", ""M084""]","[""D000301""]",Colorado Springs,38.8339,-104.8214,4381.16,10,0,medium
AC00251,1209.45,"[""M001"", ""M100"", ""M015""]","[""D000461""]",Milwaukee,43.0389,-87.9065,14964.18,24,0,low
AC00253,423.93,"[""M004"", ""M038"", ""M011""]","[""D000472""]",Mesa,33.4152,-111.8315,1249.58,27,0,medium
AC00254,226.22,"[""M040"", ""M098"", ""M046""]","[""D000112""]",Houston,29.7604,-95.3698,8074.3,12,0,low
AC00255,719.55,"[""M035"", ""M054"", ""M012""]","[""D000002""]",Louisville,38.2527,-85.7585,12667.11,13,0,low
AC00260,2257.25,"[""M009"", ""M088"", ""M030""]","[""D000475""]",Milwaukee,43.0389,-87.9065,1731.33,29,0,medium
AC00262,1487.16,"[""M044"", ""M064"", ""M002""]","[""D000230""]",Sacramento,38.5816,-121.4944,9041.83,24,0,low
AC00263,411.81,"[""M079"", ""M019"", ""M006""]","[""D000380""]",New York,40.7128,-74.006,10589.43,19,0,low
AC00266,1578.46,"[""M092"", ""M026"", ""M042""]","[""D000013""]",Chicago,41.8781,-87.6298,14143.35,10,0,low
AC00269,2480.44,"[""M030"", ""M033"", ""M016""]","[""D000075""]",Albuquerque,35.0844,-106.6504,13958.33,28,0,low
AC00270,675.24,"[""M047"", ""M001"", ""M056""]","[""D000244""]",Portland,45.5051,-122.675,3384.66,14,0,medium
AC00273,778.26,"[""M057"", ""M029"", ""M060""]","[""D000297""]",Albuquerque,35.0844,-106.6504,6197.04,10,0,low
AC00274,2708.6,"[""M096"", ""M081"", ""M026""]","[""D000481""]",El Paso,31.7619,-106.485,12312.27,19,0,low
AC00275,526.66,"[""M011"", ""M006"", ""M061""]","[""D000233""]",Milwaukee,43.0389,-87.9065,5655.66,28,0,low
AC00277,294.48,"[""M049"", ""M012"", ""M016""]","[""D000471""]",Austin,30.2672,-97.7431,6964.46,16,0,low
AC00281,1370.35,"[""M045"", ""M090"", ""M026""]","[""D000223""]",Chicago,41.8781,-87.6298,7989.77,23,0,low
AC00283,2913.33,"[""M069"", ""M023"", ""M053""]","[""D000101""]",Austin,30.2672,-97.7431,904.05,30,0,high
AC00286,211.13,"[""M071"", ""M097"", ""M070""]","[""D000016""]",Austin,30.2672,-97.7431,8490.21,16,0,low
AC00287,2991.84,"[""M027"", ""M052"", ""M035""]","[""D000600""]",Charlotte,35.2271,-80.8431,2751.16,16,0,medium
AC00289,874.27,"[""M069"", ""M090"", ""M023""]","[""D000461""]",Portland,45.5051,-122.675,13790.04,24,0,low
AC00290,517.76,"[""M020"", ""M039"", ""M090""]","[""D000459""]",El Paso,31.7619,-106.485,6189.28,21,0,low
AC00291,246.38,"[""M018"", ""M054"", ""M084""]","[""D000355""]",Oklahoma City,35.4676,-97.5164,6336.02,10,0,low
AC00293,1841.98,"[""M027"", ""M092"", ""M029""]","[""D000086""]",Miami,39.5,-98.35,10012.26,30,0,low
AC00294,1331.37,"[""M030"", ""M082"", ""M069""]","[""D000647""]",Atlanta,33.749,-84.388,9568.42,23,0,low
AC00295,1077.18,"[""M090"", ""M051"", ""M047""]","[""D000394""]",Houston,29.7604,-95.3698,6761.63,10,0,low
AC00296,645.78,"[""M044"", ""M063"", ""M074""]","[""D000693""]",New York,40.7128,-74.006,8280.68,17,0,low
AC00297,2097.32,"[""M063"", ""M069"", ""M087""]","[""D000155""]",Las Vegas,36.1699,-115.1398,12988.01,17,0,low
AC00298,519.24,"[""M071"", ""M091"", ""M060""]","[""D000043""]",Atlanta,33.749,-84.388,14412.98,19,0,low
AC00299,2469.97,"[""M081"", ""M053"", ""M066""]","[""D000002""]",Seattle,47.6062,-122.3321,5488.1,23,0,low
AC00300,280.35,"[""M047"", ""M087"", ""M013""]","[""D000286""]",Charlotte,35.2271,-80.8431,3158.49,19,0,medium
AC00302,360.73,"[""M051"", ""M022"", ""M058""]","[""D000597""]",Las Vegas,36.1699,-115.1398,10053.22,16,0,low
AC00304,921.91,"[""M003"", ""M026"", ""M011""]","[""D000254""]",Dallas,32.7767,-96.797,5555.17,14,0,low
AC00312,237.63,"[""M015"", ""M088"", ""M091""]","[""D000002""]",San Jose,37.3382,-121.8863,14947.42,18,0,low
AC00316,356.72,"[""M082"", ""M066"", ""M095""]","[""D000138""]",Denver,39.7392,-104.9903,4032.03,24,0,medium
AC00317,580.94,"[""M026"", ""M092"", ""M010""]","[""D000374""]",Colorado Springs,38.8339,-104.8214,13204.11,29,0,low
AC00318,849.63,"[""M036"", ""M033"", ""M026""]","[""D000164""]",El Paso,31.7619,-106.485,6136.25,26,0,low
AC00319,3256.65,"[""M034"", ""M006"", ""M061""]","[""D000655""]",Las Vegas,36.1699,-115.1398,13487.98,19,0,low
AC00320,272.56,"[""M100"", ""M099"", ""M058""]","[""D000130""]",Las Vegas,36.1699,-115.1398,7499.68,21,0,low
AC00321,187.62,"[""M081"", ""M052"", ""M034""]","[""D000523""]",Portland,45.5051,-122.675,2388.93,25,0,medium
AC00322,248.86,"[""M048"", ""M097"", ""M064""]","[""D000327""]",Memphis,35.1495,-90.049,782.5,21,0,high
AC00323,412.18,"[""M056"", ""M097"", ""M019""]","[""D000167""]",Phoenix,33.4484,-112.074,6757.07,26,0,low
AC00325,542.92,"[""M029"", ""M086"", ""M037""]","[""D000367""]",Jacksonville,30.3322,-81.6557,5144.65,22,0,low
AC00327,837.56,"[""M050"", ""M034"", ""M094""]","[""D000634""]",Albuquerque,35.0844,-106.6504,6978.87,10,0,low
AC00328,215.01,"[""M040"", ""M023"", ""M090""]","[""D000549""]",Portland,45.5051,-122.675,1457.73,16,0,medium
AC00331,260.89,"[""M003"", ""M059"", ""M054""]","[""D000131""]",Atlanta,33.749,-84.388,11573.52,20,0,low
AC00333,762.38,"[""M081"", ""M045"", ""M054""]","[""D000372""]",Washington,38.9072,-77.0369,12889.46,30,0,low
AC00334,492.74,"[""M080"", ""M084"", ""M077""]","[""D000371""]",Raleigh,35.7796,-78.6382,13755.11,17,0,low
AC00335,3565.84,"[""M057"", ""M067"", ""M087""]","[""D000144""]",Los Angeles,34.0522,-118.2437,9680.85,28,0,low
AC00336,909.67,"[""M001"", ""M095"", ""M053""]","[""D000064""]",Boston,39.5,-98.35,1411.35,28,0,medium
AC00339,1228.71,"[""M064"", ""M007"", ""M076""]","[""D000258""]",Miami,39.5,-98.35,2424.26,15,0,medium
AC00342,4316.12,"[""M047"", ""M042"", ""M069""]","[""D000587""]",Charlotte,35.2271,-80.8431,11190.11,27,0,low
AC00344,747.64,"[""M003"", ""M095"", ""M068""]","[""D000090""]",Tucson,32.2226,-110.9747,2423.48,20,0,medium
AC00349,332.75,"[""M018"", ""M032"", ""M040""]","[""D000046""]",Albuquerque,35.0844,-106.6504,6386.84,29,0,low
AC00350,1083.39,"[""M007"", ""M026"", ""M075""]","[""D000334""]",Miami,39.5,-98.35,11000.26,20,0,low
AC00353,1185.44,"[""M050"", ""M055"", ""M054""]","[""D000245""]",Los Angeles,34.0522,-118.2437,8759.46,28,0,low
AC00354,819.63,"[""M023"", ""M087"", ""M054""]","[""D000589""]",Charlotte,35.2271,-80.8431,518.84,23,0,high
AC00357,2767.35,"[""M009"", ""M041"", ""M011""]","[""D000020""]",Tucson,32.2226,-110.9747,7594.77,24,0,low
AC00358,686.97,"[""M088"", ""M093"", ""M090""]","[""D000023""]",Baltimore,39.2904,-76.6122,10279.72,30,0,low
AC00361,1195.34,"[""M005"", ""M013"", ""M038""]","[""D000007""]",El Paso,31.7619,-106.485,7820.74,25,0,low
AC00364,1351.62,"[""M002"", ""M010"", ""M029""]","[""D000201""]",Philadelphia,39.9526,-75.1652,6972.04,29,0,low
AC00367,1658.33,"[""M054"", ""M031"", ""M056""]","[""D000060""]",San Antonio,29.4241,-98.4936,2594.1,28,0,medium
AC00368,326.29,"[""M033"", ""M079"", ""M100""]","[""D000253""]",Dallas,32.7767,-96.797,8653.98,21,0,low
AC00369,1956.17,"[""M028"", ""M004"", ""M038""]","[""D000462""]",Nashville,36.1627,-86.7816,9845.12,10,0,low
AC00371,333.97,"[""M093"", ""M033"", ""M098""]","[""D000258""]",Milwaukee,43.0389,-87.9065,3855.02,10,0,medium
AC00373,341.69,"[""M050"", ""M016"", ""M019""]","[""D000192""]",Seattle,47.6062,-122.3321,13700.74,15,0,low
AC00378,928.1,"[""M034"", ""M097"", ""M029""]","[""D000537""]",Dallas,32.7767,-96.797,2422.77,12,0,medium
AC00381,118.6,"[""M012"", ""M054"", ""M087""]","[""D000552""]",Philadelphia,39.9526,-75.1652,6831.39,13,0,low
AC00382,357.42,"[""M080"", ""M066"", ""M034""]","[""D000467""]",Philadelphia,39.9526,-75.1652,6435.5,28,0,low
AC00383,462.7,"[""M069"", ""M038"", ""M099""]","[""D000558""]",San Antonio,29.4241,-98.4936,6685.04,10,0,low
AC00384,279.57,"[""M037"", ""M084"", ""M071""]","[""D000056""]",Memphis,35.1495,-90.049,9569.0,17,0,low
AC00385,889.6,"[""M060"", ""M017"", ""M091""]","[""D000035""]",Virginia Beach,36.8529,-75.978,8065.12,20,0,low
AC00391,1962.6,"[""M066"", ""M015"", ""M039""]","[""D000340""]",Miami,39.5,-98.35,7927.8,15,0,low
AC00393,371.04,"[""M022"", ""M032"", ""M067""]","[""D000216""]",Omaha,41.2565,-95.9345,11559.17,19,0,low
AC00395,1357.37,"[""M082"", ""M058"", ""M040""]","[""D000487""]",Houston,29.7604,-95.3698,4082.35,12,0,medium
AC00399,401.51,"[""M061"", ""M087"", ""M075""]","[""D000056""]",Milwaukee,43.0389,-87.9065,9143.84,27,0,low
AC00401,8454.53,"[""M007"", ""M032"", ""M025""]","[""D000042"", ""D000606""]",Charlotte,35.2271,-80.8431,13341.22,21,1,high
AC00402,5563.57,"[""M001"", ""M064"", ""M037""]","[""D000062"", ""D000429""]",San Jose,37.3382,-121.8863,8836.97,10,1,high
AC00404,10824.1,"[""M072"", ""M046"", ""M048""]","[""D000512"", ""D000049""]",San Antonio,29.4241,-98.4936,8329.73,22,1,high
AC00405,8215.09,"[""M015"", ""M034"", ""M057""]","[""D000375"", ""D000027""]",Baltimore,39.2904,-76.6122,1722.2,12,1,high
AC00411,7625.23,"[""M025"", ""M067"", ""M077""]","[""D000216"", ""D000612""]",San Antonio,29.4241,-98.4936,6624.63,11,1,high
AC00412,7900.16,"[""M097"", ""M048"", ""M012""]","[""D000261"", ""D000145""]",Washington,38.9072,-77.0369,665.31,19,1,high
AC00416,6448.27,"[""M056"", ""M097"", ""M013""]","[""D000395"", ""D000688""]",Albuquerque,35.0844,-106.6504,8274.2,10,1,high
AC00417,6496.73,"[""M083"", ""M051"", ""M077""]","[""D000317"", ""D000358""]",Fresno,36.7378,-119.7871,6234.69,12,1,high
AC00419,5771.39,"[""M098"", ""M011"", ""M096""]","[""D000593"", ""D000317""]",Virginia Beach,36.8529,-75.978,8071.23,19,1,high
AC00420,5656.68,"[""M053"", ""M089"", ""M061""]","[""D000581"", ""D000622""]",Jacksonville,30.3322,-81.6557,1379.25,9,1,high
AC00421,12324.98,"[""M015"", ""M020"", ""M089""]","[""D000557"", ""D000259""]",Portland,45.5051,-122.675,2632.25,10,1,high
AC00422,8401.3,"[""M058"", ""M099"", ""M014""]","[""D000253"", ""D000532""]",New York,40.7128,-74.006,5954.9,20,1,high
AC00423,13034.27,"[""M022"", ""M017"", ""M067""]","[""D000534"", ""D000112""]",San Francisco,37.7749,-122.4194,8066.95,13,1,high
AC00424,14470.58,"[""M043"", ""M048"", ""M054""]","[""D000487"", ""D000181""]",Dallas,32.7767,-96.797,1702.41,11,1,high
AC00427,10543.81,"[""M091"", ""M006"", ""M049""]","[""D000133"", ""D000536""]",Colorado Springs,38.8339,-104.8214,10930.59,14,1,high
AC00428,4565.48,"[""M009"", ""M098"", ""M014""]","[""D000438"", ""D000436""]",Albuquerque,35.0844,-106.6504,10205.81,17,1,high
AC00430,5427.98,"[""M080"", ""M032"", ""M039""]","[""D000218"", ""D000262""]",Charlotte,35.2271,-80.8431,7139.25,9,1,high
AC00432,10442.37,"[""M041"", ""M052"", ""M089""]","[""D000641"", ""D000058""]",Nashville,36.1627,-86.7816,12994.51,13,1,high
AC00433,6973.53,"[""M029"", ""M095"", ""M054""]","[""D000002"", ""D000034""]",Kansas City,39.0997,-94.5786,6626.25,22,1,high
AC00435,15984.41,"[""M093"", ""M040"", ""M031""]","[""D000506"", ""D000080""]",Memphis,35.1495,-90.049,14772.16,15,1,high
AC00437,11534.81,"[""M059"", ""M070"", ""M016""]","[""D000432"", ""D000353""]",Austin,30.2672,-97.7431,10007.9,19,1,high
AC00438,3776.36,"[""M003"", ""M095"", ""M041""]","[""D000082"", ""D000626""]",Seattle,47.6062,-122.3321,11076.91,19,1,high
AC00439,8306.54,"[""M093"", ""M072"", ""M062""]","[""D000505"", ""D000210""]",Virginia Beach,36.8529,-75.978,5097.86,23,1,high
AC00441,6064.6,"[""M065"", ""M003"", ""M013""]","[""D000341"", ""D000596""]",San Jose,37.3382,-121.8863,724.76,13,1,high
AC00443,15276.67,"[""M090"", ""M030"", ""M002""]","[""D000415"", ""D000350""]",San Diego,32.7157,-117.1611,10359.46,13,1,high
AC00445,15393.07,"[""M061"", ""M003"", ""M006""]","[""D000296"", ""D000507""]",Austin,30.2672,-97.7431,13074.47,12,1,high
AC00446,7337.51,"[""M071"", ""M088"", ""M037""]","[""D000372"", ""D000506""]",Colorado Springs,38.8339,-104.8214,6560.49,21,1,high
AC00448,8543.92,"[""M046"", ""M070"", ""M010""]","[""D000197"", ""D000347""]",Fort Worth,32.7555,-97.3308,10665.43,19,1,high
AC00449,6165.52,"[""M039"", ""M048"", ""M051""]","[""D000007"", ""D000689""]",Chicago,41.8781,-87.6298,13860.75,13,1,high
AC00450,10631.53,"[""M034"", ""M062"", ""M011""]","[""D000576"", ""D000252""]",Las Vegas,36.1699,-115.1398,3179.26,16,1,high
AC00451,811.62,"[""M018"", ""M033"", ""M019""]","[""D000268""]",New York,40.7128,-74.006,1914.69,75,49,high
AC00452,538.64,"[""M083"", ""M046"", ""M016""]","[""D000496""]",Virginia Beach,36.8529,-75.978,5106.4,78,60,high
AC00453,1300.58,"[""M016"", ""M060"", ""M036""]","[""D000185""]",Baltimore,39.2904,-76.6122,2598.31,88,57,high
AC00454,889.44,"[""M075"", ""M011"", ""M051""]","[""D000480""]",Albuquerque,35.0844,-106.6504,2775.86,74,60,high
AC00455,1092.72,"[""M012"", ""M066"", ""M098""]","[""D000164""]",Oklahoma City,35.4676,-97.5164,14879.88,71,44,high
AC00456,1351.7,"[""M056"", ""M089"", ""M036""]","[""D000326""]",Chicago,41.8781,-87.6298,2155.44,85,59,high
AC00458,2763.94,"[""M023"", ""M095"", ""M017""]","[""D000061""]",Memphis,35.1495,-90.049,12639.66,77,45,high
AC00460,2008.96,"[""M099"", ""M093"", ""M038""]","[""D000217""]",Washington,38.9072,-77.0369,4650.38,71,41,high
AC00462,523.36,"[""M052"", ""M084"", ""M082""]","[""D000437""]",Jacksonville,30.3322,-81.6557,11625.11,74,40,high
AC00463,756.62,"[""M029"", ""M050"", ""M086""]","[""D000347""]",Austin,30.2672,-97.7431,5983.93,62,41,high
AC00465,972.95,"[""M041"", ""M037"", ""M040""]","[""D000348""]",Oklahoma City,35.4676,-97.5164,7424.31,68,54,high
AC00466,1728.43,"[""M062"", ""M067"", ""M085""]","[""D000604""]",Las Vegas,36.1699,-115.1398,9961.47,68,48,high
AC00467,1721.96,"[""M065"", ""M032"", ""M094""]","[""D000327""]",Indianapolis,39.7684,-86.1581,1801.86,66,40,high
AC00468,551.92,"[""M086"", ""M005"", ""M065""]","[""D000148""]",Kansas City,39.0997,-94.5786,7862.99,57,43,high
AC00469,708.71,"[""M015"", ""M086"", ""M090""]","[""D000035""]",Chicago,41.8781,-87.6298,13058.2,70,45,high
AC00471,1641.56,"[""M088"", ""M072"", ""M004""]","[""D000144""]",Mesa,33.4152,-111.8315,13926.13,82,53,high
AC00472,667.07,"[""M030"", ""M045"", ""M066""]","[""D000294""]",Raleigh,35.7796,-78.6382,1087.94,71,43,high
AC00475,626.34,"[""M036"", ""M001"", ""M089""]","[""D000499""]",Omaha,41.2565,-95.9345,9777.71,79,53,high
AC00477,481.5,"[""M028"", ""M017"", ""M054""]","[""D000160""]",Houston,29.7604,-95.3698,12673.67,70,46,high
AC00479,983.09,"[""M060"", ""M021"", ""M005""]","[""D000384""]",Colorado Springs,38.8339,-104.8214,6900.08,67,51,high
AC00481,8401.8,"[""M020"", ""M094"", ""M044""]","[""D000185""]",Columbus,39.9612,-82.9988,10818.47,20,10,high
AC00482,9958.74,"[""M095"", ""M100"", ""M052""]","[""D000508""]",San Jose,37.3382,-121.8863,2487.09,18,10,high
AC00483,7526.12,"[""M085"", ""M044"", ""M024""]","[""D000316""]",San Francisco,37.7749,-122.4194,10537.52,23,10,high
AC00484,8300.79,"[""M075"", ""M035"", ""M072""]","[""D000531""]",Baltimore,39.2904,-76.6122,12707.66,16,10,high
AC00485,8784.93,"[""M058"", ""M019"", ""M068""]","[""D000489""]",Nashville,36.1627,-86.7816,4360.76,15,10,high
AC00486,8775.3,"[""M088"", ""M041"", ""M093""]","[""D000168""]",Austin,30.2672,-97.7431,12942.06,23,10,high
AC00487,9650.13,"[""M075"", ""M040"", ""M053""]","[""D000074""]",Raleigh,35.7796,-78.6382,4048.53,20,12,high
AC00488,9784.6,"[""M070"", ""M062"", ""M041""]","[""D000591""]",Miami,39.5,-98.35,2061.48,25,12,high
AC00489,8483.73,"[""M012"", ""M087"", ""M054""]","[""D000551""]",Raleigh,35.7796,-78.6382,14527.68,23,12,high
AC00490,10353.62,"[""M062"", ""M036"", ""M007""]","[""D000257""]",Las Vegas,36.1699,-115.1398,936.07,21,12,high
AC00491,10393.31,"[""M058"", ""M064"", ""M034""]","[""D000019""]",Indianapolis,39.7684,-86.1581,7227.13,20,12,high
AC00492,9725.86,"[""M060"", ""M013"", ""M070""]","[""D000184""]",Chicago,41.8781,-87.6298,7240.26,21,12,high
AC00493,10814.55,"[""M063"", ""M077"", ""M075""]","[""D000125""]",Colorado Springs,38.8339,-104.8214,8353.17,19,12,high
AC00494,9968.16,"[""M032"", ""M045"", ""M062""]","[""D000474""]",San Diego,32.7157,-117.1611,12477.2,21,12,high
AC00495,10364.25,"[""M034"", ""M017"", ""M032""]","[""D000618""]",San Jose,37.3382,-121.8863,14572.13,18,12,high
AC00496,10533.31,"[""M035"", ""M037"", ""M073""]","[""D000344""]",Houston,29.7604,-95.3698,8684.16,18,12,high
AC00497,7194.78,"[""M079"", ""M065"", ""M056""]","[""D000055""]",San Antonio,29.4241,-98.4936,14388.98,23,12,high
AC00498,8729.23,"[""M029"", ""M025"", ""M078""]","[""D000648""]",Washington,38.9072,-77.0369,8196.58,18,12,high
AC00499,6245.31,"[""M060"", ""M056"", ""M085""]","[""D000022""]",Washington,38.9072,-77.0369,14560.59,25,12,high
AC00500,6325.1,"[""M019"", ""M027"", ""M050""]","[""D000042""]",Austin,30.2672,-97.7431,9503.43,27,12,high
AC00501,7368.87,"[""M067"", ""M084"", ""M033""]","[""D000037""]",Sacramento,38.5816,-121.4944,2264.64,20,12,high
AC00502,8621.67,"[""M088"", ""M047"", ""M096""]","[""D000116""]",Kansas City,39.0997,-94.5786,2921.18,17,12,high
AC00503,6552.58,"[""M033"", ""M055"", ""M091""]","[""D000275""]",Portland,45.5051,-122.675,8240.56,14,8,high
AC00504,7986.78,"[""M005"", ""M090"", ""M095""]","[""D000417""]",Kansas City,39.0997,-94.5786,4029.31,20,8,high
AC00505,8933.53,"[""M099"", ""M090"", ""M060""]","[""D000625""]",Omaha,41.2565,-95.9345,6106.45,22,8,high
AC00506,7143.86,"[""M020"", ""M037"", ""M097""]","[""D000311""]",San Antonio,29.4241,-98.4936,12372.89,19,8,high
AC00507,6932.43,"[""M081"", ""M088"", ""M063""]","[""D000560""]",Portland,45.5051,-122.675,6248.59,15,8,high
AC00508,5581.5,"[""M030"", ""M063"", ""M005""]","[""D000332""]",Houston,29.7604,-95.3698,4413.95,21,8,high
AC00509,6865.36,"[""M015"", ""M012"", ""M007""]","[""D000163""]",Atlanta,33.749,-84.388,13133.46,17,8,high
AC00510,11403.02,"[""M045"", ""M076"", ""M090""]","[""D000363""]",Oklahoma City,35.4676,-97.5164,14844.95,28,14,high
AC00511,9823.91,"[""M014"", ""M023"", ""M040""]","[""D000685""]",Louisville,38.2527,-85.7585,3436.14,24,14,high
AC00512,11023.48,"[""M088"", ""M056"", ""M027""]","[""D000098""]",Raleigh,35.7796,-78.6382,9644.68,19,14,high
AC00513,10669.67,"[""M036"", ""M064"", ""M083""]","[""D000005""]",Chicago,41.8781,-87.6298,8994.6,26,14,high
AC00514,12108.17,"[""M099"", ""M024"", ""M096""]","[""D000428""]",Dallas,32.7767,-96.797,9306.34,21,14,high
AC00515,13492.67,"[""M013"", ""M082"", ""M042""]","[""D000362""]",Kansas City,39.0997,-94.5786,8128.76,22,12,high
AC00516,14798.52,"[""M009"", ""M092"", ""M004""]","[""D000390""]",Phoenix,33.4484,-112.074,8284.68,21,12,high
AC00517,11633.17,"[""M078"", ""M008"", ""M043""]","[""D000238""]",San Francisco,37.7749,-122.4194,5286.17,23,12,high
AC00518,12772.72,"[""M025"", ""M050"", ""M091""]","[""D000210""]",Los Angeles,34.0522,-118.2437,14360.75,20,12,high
AC00519,12192.84,"[""M015"", ""M049"", ""M058""]","[""D000308""]",Phoenix,33.4484,-112.074,8308.24,19,12,high
